<?xml version="1.0" encoding="UTF-8"?>
<SquishReport version="3.4" xmlns="http://www.froglogic.com/resources/schemas/xml3" executedBy="vboxuser">
    <test type="testsuite">
        <prolog time="2025-04-23T15:13:00-07:00">
            <name><![CDATA[suite_imageBasedTesting]]></name>
            <location>
                <uri><![CDATA[file:///home/vboxuser/GDMS-Final-Project/testSuites/suite_imageBasedTesting]]></uri>
            </location>
        </prolog>
        <test type="testcase">
            <prolog time="2025-04-23T15:13:00-07:00">
                <name><![CDATA[tst_iconRecognition]]></name>
                <location>
                    <uri><![CDATA[x-testsuite:/tst_iconRecognition]]></uri>
                </location>
            </prolog>
            <message time="2025-04-23T15:13:00-07:00" type="ERROR">
                <location>
                    <uri><![CDATA[x-testcase:/test.py]]></uri>
                    <lineNo><![CDATA[15]]></lineNo>
                </location>
                <text><![CDATA[Script Error]]></text>
                <detail><![CDATA[RuntimeError: startApplication() failed: Squish couldn't find the AUT to start. Make sure it has been added as a Mapped AUT in the squishserver settings.]]></detail>
            </message>
            <epilog time="2025-04-23T15:13:00-07:00"/>
        </test>
        <test type="testcase">
            <prolog time="2025-04-23T15:13:00-07:00">
                <name><![CDATA[tst_textRecognition]]></name>
                <location>
                    <uri><![CDATA[x-testsuite:/tst_textRecognition]]></uri>
                </location>
            </prolog>
            <message time="2025-04-23T15:13:00-07:00" type="ERROR">
                <location>
                    <uri><![CDATA[x-testcase:/test.py]]></uri>
                    <lineNo><![CDATA[42]]></lineNo>
                </location>
                <text><![CDATA[Script Error]]></text>
                <detail><![CDATA[RuntimeError: startApplication() failed: Squish couldn't find the AUT to start. Make sure it has been added as a Mapped AUT in the squishserver settings.]]></detail>
            </message>
            <epilog time="2025-04-23T15:13:00-07:00"/>
        </test>
        <test type="testcase">
            <prolog time="2025-04-23T15:13:00-07:00">
                <name><![CDATA[tst_logging]]></name>
                <location>
                    <uri><![CDATA[x-testsuite:/tst_logging]]></uri>
                </location>
            </prolog>
            <message time="2025-04-23T15:13:01-07:00" type="ERROR">
                <location>
                    <uri><![CDATA[x-testcase:/test.py]]></uri>
                    <lineNo><![CDATA[37]]></lineNo>
                </location>
                <text><![CDATA[Script Error]]></text>
                <detail><![CDATA[RuntimeError: startApplication() failed: Squish couldn't find the AUT to start. Make sure it has been added as a Mapped AUT in the squishserver settings.]]></detail>
            </message>
            <epilog time="2025-04-23T15:13:01-07:00"/>
        </test>
        <test type="testcase">
            <prolog time="2025-04-23T15:13:01-07:00">
                <name><![CDATA[tst_example]]></name>
                <location>
                    <uri><![CDATA[x-testsuite:/tst_example]]></uri>
                </location>
            </prolog>
            <message time="2025-04-23T15:13:01-07:00" type="ERROR">
                <location>
                    <uri><![CDATA[x-testcase:/test.py]]></uri>
                    <lineNo><![CDATA[52]]></lineNo>
                </location>
                <text><![CDATA[Script Error]]></text>
                <detail><![CDATA[RuntimeError: startApplication() failed: Squish couldn't find the AUT to start. Make sure it has been added as a Mapped AUT in the squishserver settings.]]></detail>
            </message>
            <epilog time="2025-04-23T15:13:01-07:00"/>
        </test>
        <test type="testcase">
            <prolog time="2025-04-23T15:13:01-07:00">
                <name><![CDATA[tst_sandbox]]></name>
                <location>
                    <uri><![CDATA[x-testsuite:/tst_sandbox]]></uri>
                </location>
            </prolog>
            <message time="2025-04-23T15:13:01-07:00" type="ERROR">
                <location>
                    <uri><![CDATA[x-testcase:/test.py]]></uri>
                    <lineNo><![CDATA[7]]></lineNo>
                </location>
                <text><![CDATA[Script Error]]></text>
                <detail><![CDATA[RuntimeError: startApplication() failed: Squish couldn't find the AUT to start. Make sure it has been added as a Mapped AUT in the squishserver settings.]]></detail>
            </message>
            <epilog time="2025-04-23T15:13:01-07:00"/>
        </test>
        <epilog time="2025-04-23T15:13:01-07:00"/>
    </test>
</SquishReport>
