<?xml version="1.0" encoding="UTF-8"?>
<SquishReport version="3.4" xmlns="http://www.froglogic.com/resources/schemas/xml3" executedBy="vboxuser">
    <test type="testsuite">
        <prolog time="2025-04-23T15:13:32-07:00">
            <name><![CDATA[suite_settingsScreen]]></name>
            <location>
                <uri><![CDATA[file:///home/vboxuser/GDMS-Final-Project/testSuites/suite_settingsScreen]]></uri>
            </location>
        </prolog>
        <test type="testcase">
            <prolog time="2025-04-23T15:13:32-07:00">
                <name><![CDATA[tst_sliders]]></name>
                <summary><![CDATA[Sliders Functionality]]></summary>
                <description><![CDATA[These sliders should work through drag, and not any other type of clicks and this test case verifies that.]]></description>
                <location>
                    <uri><![CDATA[x-testsuite:/tst_sliders]]></uri>
                </location>
            </prolog>
            <verification>
                <location>
                    <uri><![CDATA[x-testcase:/test.py]]></uri>
                    <lineNo><![CDATA[16]]></lineNo>
                </location>
                <scriptedVerificationResult type="PASS" time="2025-04-23T15:13:33-07:00">
                    <scriptedLocation>
                        <uri><![CDATA[x-testcase:/test.py]]></uri>
                        <lineNo><![CDATA[16]]></lineNo>
                    </scriptedLocation>
                    <text><![CDATA[Volume Slider is working]]></text>
                </scriptedVerificationResult>
            </verification>
            <verification>
                <location>
                    <uri><![CDATA[x-testcase:/test.py]]></uri>
                    <lineNo><![CDATA[20]]></lineNo>
                </location>
                <scriptedVerificationResult type="PASS" time="2025-04-23T15:13:34-07:00">
                    <scriptedLocation>
                        <uri><![CDATA[x-testcase:/test.py]]></uri>
                        <lineNo><![CDATA[20]]></lineNo>
                    </scriptedLocation>
                    <text><![CDATA[Ring Slider is working]]></text>
                </scriptedVerificationResult>
            </verification>
            <verification>
                <location>
                    <uri><![CDATA[x-testcase:/test.py]]></uri>
                    <lineNo><![CDATA[25]]></lineNo>
                </location>
                <scriptedVerificationResult type="PASS" time="2025-04-23T15:13:35-07:00">
                    <scriptedLocation>
                        <uri><![CDATA[x-testcase:/test.py]]></uri>
                        <lineNo><![CDATA[25]]></lineNo>
                    </scriptedLocation>
                    <text><![CDATA[Notification Slider is working]]></text>
                </scriptedVerificationResult>
            </verification>
            <verification>
                <location>
                    <uri><![CDATA[x-testcase:/test.py]]></uri>
                    <lineNo><![CDATA[26]]></lineNo>
                </location>
                <scriptedVerificationResult type="PASS" time="2025-04-23T15:13:35-07:00">
                    <scriptedLocation>
                        <uri><![CDATA[x-testcase:/test.py]]></uri>
                        <lineNo><![CDATA[26]]></lineNo>
                    </scriptedLocation>
                    <text><![CDATA[All sliders are working, test case passed]]></text>
                </scriptedVerificationResult>
            </verification>
            <message time="2025-04-23T15:13:35-07:00" type="ERROR">
                <location>
                    <uri><![CDATA[x-testcase:/test.py]]></uri>
                    <lineNo><![CDATA[30]]></lineNo>
                </location>
                <text><![CDATA[Script Error]]></text>
                <detail><![CDATA[AttributeError: module 'names' has no attribute 'back_Button']]></detail>
            </message>
            <epilog time="2025-04-23T15:13:35-07:00"/>
        </test>
        <test type="testcase">
            <prolog time="2025-04-23T15:13:36-07:00">
                <name><![CDATA[tst_doubleClick]]></name>
                <summary><![CDATA[Double Click Functionality]]></summary>
                <description><![CDATA[The test case should pass if the button is double clicked on, and not single or long press.]]></description>
                <location>
                    <uri><![CDATA[x-testsuite:/tst_doubleClick]]></uri>
                </location>
            </prolog>
            <verification>
                <location>
                    <uri><![CDATA[x-testcase:/test.py]]></uri>
                    <lineNo><![CDATA[18]]></lineNo>
                </location>
                <scriptedVerificationResult type="PASS" time="2025-04-23T15:13:45-07:00">
                    <scriptedLocation>
                        <uri><![CDATA[x-testcase:/test.py]]></uri>
                        <lineNo><![CDATA[18]]></lineNo>
                    </scriptedLocation>
                    <text><![CDATA[Comparison: Blue Color Selected: pass]]></text>
                    <detail><![CDATA['#0000ff' and '#0000ff' are equal]]></detail>
                </scriptedVerificationResult>
            </verification>
            <verification>
                <location>
                    <uri><![CDATA[x-testcase:/test.py]]></uri>
                    <lineNo><![CDATA[21]]></lineNo>
                </location>
                <scriptedVerificationResult type="PASS" time="2025-04-23T15:13:45-07:00">
                    <scriptedLocation>
                        <uri><![CDATA[x-testcase:/test.py]]></uri>
                        <lineNo><![CDATA[21]]></lineNo>
                    </scriptedLocation>
                    <text><![CDATA[Comparison: Green Color Selected: pass]]></text>
                    <detail><![CDATA['#000000' and '#000000' are equal]]></detail>
                </scriptedVerificationResult>
            </verification>
            <verification>
                <location>
                    <uri><![CDATA[x-testcase:/test.py]]></uri>
                    <lineNo><![CDATA[24]]></lineNo>
                </location>
                <scriptedVerificationResult type="PASS" time="2025-04-23T15:13:45-07:00">
                    <scriptedLocation>
                        <uri><![CDATA[x-testcase:/test.py]]></uri>
                        <lineNo><![CDATA[24]]></lineNo>
                    </scriptedLocation>
                    <text><![CDATA[Comparison: Pink Color Selected: pass]]></text>
                    <detail><![CDATA['#ffc0cb' and '#ffc0cb' are equal]]></detail>
                </scriptedVerificationResult>
            </verification>
            <verification>
                <location>
                    <uri><![CDATA[x-testcase:/test.py]]></uri>
                    <lineNo><![CDATA[27]]></lineNo>
                </location>
                <scriptedVerificationResult type="PASS" time="2025-04-23T15:13:46-07:00">
                    <scriptedLocation>
                        <uri><![CDATA[x-testcase:/test.py]]></uri>
                        <lineNo><![CDATA[27]]></lineNo>
                    </scriptedLocation>
                    <text><![CDATA[Comparison: Beige Color Selected: pass]]></text>
                    <detail><![CDATA['#000000' and '#000000' are equal]]></detail>
                </scriptedVerificationResult>
            </verification>
            <verification>
                <location>
                    <uri><![CDATA[x-testcase:/test.py]]></uri>
                    <lineNo><![CDATA[31]]></lineNo>
                </location>
                <scriptedVerificationResult type="PASS" time="2025-04-23T15:13:46-07:00">
                    <scriptedLocation>
                        <uri><![CDATA[x-testcase:/test.py]]></uri>
                        <lineNo><![CDATA[31]]></lineNo>
                    </scriptedLocation>
                    <text><![CDATA[Comparison: Single Click: color not selected]]></text>
                    <detail><![CDATA['#0000ff' and '#0000ff' are equal]]></detail>
                </scriptedVerificationResult>
            </verification>
            <verification>
                <location>
                    <uri><![CDATA[x-testcase:/test.py]]></uri>
                    <lineNo><![CDATA[34]]></lineNo>
                </location>
                <scriptedVerificationResult type="PASS" time="2025-04-23T15:13:46-07:00">
                    <scriptedLocation>
                        <uri><![CDATA[x-testcase:/test.py]]></uri>
                        <lineNo><![CDATA[34]]></lineNo>
                    </scriptedLocation>
                    <text><![CDATA[Comparison: Single Click: color not selected]]></text>
                    <detail><![CDATA['#000000' and '#000000' are equal]]></detail>
                </scriptedVerificationResult>
            </verification>
            <verification>
                <location>
                    <uri><![CDATA[x-testcase:/test.py]]></uri>
                    <lineNo><![CDATA[37]]></lineNo>
                </location>
                <scriptedVerificationResult type="PASS" time="2025-04-23T15:13:46-07:00">
                    <scriptedLocation>
                        <uri><![CDATA[x-testcase:/test.py]]></uri>
                        <lineNo><![CDATA[37]]></lineNo>
                    </scriptedLocation>
                    <text><![CDATA[Comparison: Single Click: color not selected]]></text>
                    <detail><![CDATA['#000000' and '#000000' are equal]]></detail>
                </scriptedVerificationResult>
            </verification>
            <verification>
                <location>
                    <uri><![CDATA[x-testcase:/test.py]]></uri>
                    <lineNo><![CDATA[39]]></lineNo>
                </location>
                <scriptedVerificationResult type="PASS" time="2025-04-23T15:13:46-07:00">
                    <scriptedLocation>
                        <uri><![CDATA[x-testcase:/test.py]]></uri>
                        <lineNo><![CDATA[39]]></lineNo>
                    </scriptedLocation>
                    <text><![CDATA[Test Case Passed: Double Click Functioning]]></text>
                </scriptedVerificationResult>
            </verification>
            <message time="2025-04-23T15:13:46-07:00" type="ERROR">
                <location>
                    <uri><![CDATA[x-testcase:/test.py]]></uri>
                    <lineNo><![CDATA[43]]></lineNo>
                </location>
                <text><![CDATA[Script Error]]></text>
                <detail><![CDATA[AttributeError: module 'names' has no attribute 'back_Button']]></detail>
            </message>
            <epilog time="2025-04-23T15:13:46-07:00"/>
        </test>
        <test type="testcase">
            <prolog time="2025-04-23T15:13:47-07:00">
                <name><![CDATA[tst_longPress]]></name>
                <summary><![CDATA[Long Press Functionality]]></summary>
                <description><![CDATA[This button should only open the pop up if the user long presses the button, other than that, any single clicks or double clicks should not open the pop up and this test case verifies that.]]></description>
                <location>
                    <uri><![CDATA[x-testsuite:/tst_longPress]]></uri>
                </location>
            </prolog>
            <message time="2025-04-23T15:13:51-07:00" type="LOG">
                <location>
                    <uri><![CDATA[x-testcase:/test.py]]></uri>
                    <lineNo><![CDATA[17]]></lineNo>
                </location>
                <text><![CDATA[Single Click: Button not working]]></text>
            </message>
            <message time="2025-04-23T15:13:51-07:00" type="LOG">
                <location>
                    <uri><![CDATA[x-testcase:/test.py]]></uri>
                    <lineNo><![CDATA[22]]></lineNo>
                </location>
                <text><![CDATA[Double Click: Button not working]]></text>
            </message>
            <message time="2025-04-23T15:13:53-07:00" type="ERROR">
                <location>
                    <uri><![CDATA[x-testcase:/test.py]]></uri>
                    <lineNo><![CDATA[34]]></lineNo>
                </location>
                <text><![CDATA[Script Error]]></text>
                <detail><![CDATA[AttributeError: module 'names' has no attribute 'o_Rectangle_6']]></detail>
            </message>
            <epilog time="2025-04-23T15:13:53-07:00"/>
        </test>
        <epilog time="2025-04-23T15:13:54-07:00"/>
    </test>
</SquishReport>
