<?xml version="1.0" encoding="UTF-8"?>
<SquishReport version="3.4" xmlns="http://www.froglogic.com/resources/schemas/xml3" executedBy="vboxuser">
    <test type="testsuite">
        <prolog time="2025-04-23T15:13:01-07:00">
            <name><![CDATA[suite_lockscreenTesting]]></name>
            <location>
                <uri><![CDATA[file:///home/vboxuser/GDMS-Final-Project/testSuites/suite_lockscreenTesting]]></uri>
            </location>
        </prolog>
        <test type="testcase">
            <prolog time="2025-04-23T15:13:01-07:00">
                <name><![CDATA[tst_lockscreen_keyboard_input]]></name>
                <location>
                    <uri><![CDATA[x-testsuite:/tst_lockscreen_keyboard_input]]></uri>
                </location>
            </prolog>
            <verification>
                <location>
                    <uri><![CDATA[x-testcase:/test.py]]></uri>
                    <lineNo><![CDATA[10]]></lineNo>
                </location>
                <scriptedVerificationResult type="PASS" time="2025-04-23T15:13:01-07:00">
                    <scriptedLocation>
                        <uri><![CDATA[x-testcase:/test.py]]></uri>
                        <lineNo><![CDATA[10]]></lineNo>
                    </scriptedLocation>
                    <text><![CDATA[Comparison]]></text>
                    <detail><![CDATA['Home' and 'Home' are equal]]></detail>
                </scriptedVerificationResult>
            </verification>
            <verification>
                <location>
                    <uri><![CDATA[x-testcase:/test.py]]></uri>
                    <lineNo><![CDATA[13]]></lineNo>
                </location>
                <scriptedVerificationResult type="PASS" time="2025-04-23T15:13:14-07:00">
                    <scriptedLocation>
                        <uri><![CDATA[x-testcase:/test.py]]></uri>
                        <lineNo><![CDATA[13]]></lineNo>
                    </scriptedLocation>
                    <text><![CDATA[Comparison: Phone has successfully been locked.]]></text>
                    <detail><![CDATA['Screen is locked.' and 'Screen is locked.' are equal]]></detail>
                </scriptedVerificationResult>
            </verification>
            <verification>
                <location>
                    <uri><![CDATA[x-testcase:/test.py]]></uri>
                    <lineNo><![CDATA[18]]></lineNo>
                </location>
                <scriptedVerificationResult type="PASS" time="2025-04-23T15:13:14-07:00">
                    <scriptedLocation>
                        <uri><![CDATA[x-testcase:/test.py]]></uri>
                        <lineNo><![CDATA[18]]></lineNo>
                    </scriptedLocation>
                    <text><![CDATA[Comparison: Text in textfield correctly reflects user keyboard input.]]></text>
                    <detail><![CDATA['abcdefg' and 'abcdefg' are equal]]></detail>
                </scriptedVerificationResult>
            </verification>
            <verification>
                <location>
                    <uri><![CDATA[x-testcase:/test.py]]></uri>
                    <lineNo><![CDATA[23]]></lineNo>
                </location>
                <scriptedVerificationResult type="PASS" time="2025-04-23T15:13:15-07:00">
                    <scriptedLocation>
                        <uri><![CDATA[x-testcase:/test.py]]></uri>
                        <lineNo><![CDATA[23]]></lineNo>
                    </scriptedLocation>
                    <text><![CDATA[Comparison]]></text>
                    <detail><![CDATA['Screen is locked.' and 'Screen is locked.' are equal]]></detail>
                </scriptedVerificationResult>
            </verification>
            <verification>
                <location>
                    <uri><![CDATA[x-testcase:/test.py]]></uri>
                    <lineNo><![CDATA[28]]></lineNo>
                </location>
                <scriptedVerificationResult type="PASS" time="2025-04-23T15:13:16-07:00">
                    <scriptedLocation>
                        <uri><![CDATA[x-testcase:/test.py]]></uri>
                        <lineNo><![CDATA[28]]></lineNo>
                    </scriptedLocation>
                    <text><![CDATA[Comparison]]></text>
                    <detail><![CDATA['1234' and '1234' are equal]]></detail>
                </scriptedVerificationResult>
            </verification>
            <verification>
                <location>
                    <uri><![CDATA[x-testcase:/test.py]]></uri>
                    <lineNo><![CDATA[32]]></lineNo>
                </location>
                <scriptedVerificationResult type="PASS" time="2025-04-23T15:13:16-07:00">
                    <scriptedLocation>
                        <uri><![CDATA[x-testcase:/test.py]]></uri>
                        <lineNo><![CDATA[32]]></lineNo>
                    </scriptedLocation>
                    <text><![CDATA[Comparison]]></text>
                    <detail><![CDATA['Home' and 'Home' are equal]]></detail>
                </scriptedVerificationResult>
            </verification>
            <epilog time="2025-04-23T15:13:16-07:00"/>
        </test>
        <test type="testcase">
            <prolog time="2025-04-23T15:13:17-07:00">
                <name><![CDATA[tst_lockscreen_modal]]></name>
                <location>
                    <uri><![CDATA[x-testsuite:/tst_lockscreen_modal]]></uri>
                </location>
            </prolog>
            <verification>
                <location>
                    <uri><![CDATA[x-testcase:/test.py]]></uri>
                    <lineNo><![CDATA[16]]></lineNo>
                </location>
                <scriptedVerificationResult type="PASS" time="2025-04-23T15:13:18-07:00">
                    <scriptedLocation>
                        <uri><![CDATA[x-testcase:/test.py]]></uri>
                        <lineNo><![CDATA[16]]></lineNo>
                    </scriptedLocation>
                    <text><![CDATA[Comparison: Modal appears correctly.]]></text>
                    <detail><![CDATA['True' and 'True' are equal]]></detail>
                </scriptedVerificationResult>
            </verification>
            <verification>
                <location>
                    <uri><![CDATA[x-testcase:/test.py]]></uri>
                    <lineNo><![CDATA[17]]></lineNo>
                </location>
                <scriptedVerificationResult type="PASS" time="2025-04-23T15:13:18-07:00">
                    <scriptedLocation>
                        <uri><![CDATA[x-testcase:/test.py]]></uri>
                        <lineNo><![CDATA[17]]></lineNo>
                    </scriptedLocation>
                    <text><![CDATA[Comparison: Incorrect password modal has correct text.]]></text>
                    <detail><![CDATA['Incorrect password.' and 'Incorrect password.' are equal]]></detail>
                </scriptedVerificationResult>
            </verification>
            <verification>
                <location>
                    <uri><![CDATA[x-testcase:/test.py]]></uri>
                    <lineNo><![CDATA[18]]></lineNo>
                </location>
                <scriptedVerificationResult type="PASS" time="2025-04-23T15:13:18-07:00">
                    <scriptedLocation>
                        <uri><![CDATA[x-testcase:/test.py]]></uri>
                        <lineNo><![CDATA[18]]></lineNo>
                    </scriptedLocation>
                    <text><![CDATA[Comparison: Testing that Ok button exists]]></text>
                    <detail><![CDATA['True' and 'True' are equal]]></detail>
                </scriptedVerificationResult>
            </verification>
            <verification>
                <location>
                    <uri><![CDATA[x-testcase:/test.py]]></uri>
                    <lineNo><![CDATA[26]]></lineNo>
                </location>
                <scriptedVerificationResult type="FAIL" time="2025-04-23T15:13:21-07:00">
                    <scriptedLocation>
                        <uri><![CDATA[x-testcase:/test.py]]></uri>
                        <lineNo><![CDATA[26]]></lineNo>
                    </scriptedLocation>
                    <text><![CDATA[Modal did not automatically dismiss after 3 seconds.]]></text>
                </scriptedVerificationResult>
            </verification>
            <verification>
                <location>
                    <uri><![CDATA[x-testcase:/test.py]]></uri>
                    <lineNo><![CDATA[35]]></lineNo>
                </location>
                <scriptedVerificationResult type="PASS" time="2025-04-23T15:13:26-07:00">
                    <scriptedLocation>
                        <uri><![CDATA[x-testcase:/test.py]]></uri>
                        <lineNo><![CDATA[35]]></lineNo>
                    </scriptedLocation>
                    <text><![CDATA[Comparison: Modal appears correctly.]]></text>
                    <detail><![CDATA['True' and 'True' are equal]]></detail>
                </scriptedVerificationResult>
            </verification>
            <verification>
                <location>
                    <uri><![CDATA[x-testcase:/test.py]]></uri>
                    <lineNo><![CDATA[36]]></lineNo>
                </location>
                <scriptedVerificationResult type="PASS" time="2025-04-23T15:13:26-07:00">
                    <scriptedLocation>
                        <uri><![CDATA[x-testcase:/test.py]]></uri>
                        <lineNo><![CDATA[36]]></lineNo>
                    </scriptedLocation>
                    <text><![CDATA[Comparison: Password correct modal has correct text.]]></text>
                    <detail><![CDATA['Correct password entered, returning to home.' and 'Correct password entered, returning to home.' are equal]]></detail>
                </scriptedVerificationResult>
            </verification>
            <verification>
                <location>
                    <uri><![CDATA[x-testcase:/test.py]]></uri>
                    <lineNo><![CDATA[38]]></lineNo>
                </location>
                <scriptedVerificationResult type="PASS" time="2025-04-23T15:13:31-07:00">
                    <scriptedLocation>
                        <uri><![CDATA[x-testcase:/test.py]]></uri>
                        <lineNo><![CDATA[38]]></lineNo>
                    </scriptedLocation>
                    <text><![CDATA[Comparison: Successfully returned to home screen after correct password was entered.]]></text>
                    <detail><![CDATA['Home' and 'Home' are equal]]></detail>
                </scriptedVerificationResult>
            </verification>
            <epilog time="2025-04-23T15:13:31-07:00"/>
        </test>
        <epilog time="2025-04-23T15:13:32-07:00"/>
    </test>
</SquishReport>
