<?xml version="1.0" encoding="UTF-8"?>
<SquishReport version="3.4" xmlns="http://www.froglogic.com/resources/schemas/xml3" executedBy="vboxuser">
    <test type="testsuite">
        <prolog time="2025-04-23T15:13:32-07:00">
            <name><![CDATA[suite_phoneScreen]]></name>
            <location>
                <uri><![CDATA[file:///home/vboxuser/GDMS-Final-Project/testSuites/suite_phoneScreen]]></uri>
            </location>
        </prolog>
        <test type="testcase">
            <prolog time="2025-04-23T15:13:32-07:00">
                <name><![CDATA[tst_verifyOnAndOffScreenProperties]]></name>
                <location>
                    <uri><![CDATA[x-testsuite:/tst_verifyOnAndOffScreenProperties]]></uri>
                </location>
            </prolog>
            <message time="2025-04-23T15:13:32-07:00" type="ERROR">
                <location>
                    <uri><![CDATA[x-testcase:/test.py]]></uri>
                    <lineNo><![CDATA[6]]></lineNo>
                </location>
                <text><![CDATA[Script Error]]></text>
                <detail><![CDATA[RuntimeError: startApplication() failed: Squish couldn't find the AUT to start. Make sure it has been added as a Mapped AUT in the squishserver settings.]]></detail>
            </message>
            <epilog time="2025-04-23T15:13:32-07:00"/>
        </test>
        <test type="testcase">
            <prolog time="2025-04-23T15:13:32-07:00">
                <name><![CDATA[tst_findIndexOfElementContainingString]]></name>
                <location>
                    <uri><![CDATA[x-testsuite:/tst_findIndexOfElementContainingString]]></uri>
                </location>
            </prolog>
            <message time="2025-04-23T15:13:32-07:00" type="ERROR">
                <location>
                    <uri><![CDATA[x-testcase:/test.py]]></uri>
                    <lineNo><![CDATA[6]]></lineNo>
                </location>
                <text><![CDATA[Script Error]]></text>
                <detail><![CDATA[RuntimeError: startApplication() failed: Squish couldn't find the AUT to start. Make sure it has been added as a Mapped AUT in the squishserver settings.]]></detail>
            </message>
            <epilog time="2025-04-23T15:13:32-07:00"/>
        </test>
        <epilog time="2025-04-23T15:13:32-07:00"/>
    </test>
</SquishReport>
